Anno reddito;Area Statistica;N contribuenti;Reddito imponibile ai fini irpef;Reddito imponibile ai fini dell'addizionale irpef;Reddito medio contribuente
2009;Borgo Centro;5737;111759191;109274460;19480.42
2009;CAAB;208;4150796;3993174;19955.75
2009;Casteldebole;3945;80609860;79021407;20433.42
2009;Cavedone;2330;45738464;44839199;19630.24
2009;Fossolo;6926;180387288;177934629;26044.94
2009;La Dozza;1095;25468649;25096647;23259.04
2009;Laghetti del Rosario;300;8642030;8501682;28806.77
2009;Lazzaretto;331;5107938;5005267;15431.84
2009;Malpighi-2;7697;220379550;216178739;28631.88
2009;Mulino del Gomito;352;5779739;5614624;16419.71
2009;Ospedale Sant'Orsola;92;1351792;1331088;14693.39
2009;Paderno;997;50456134;49534565;50607.96
2009;Pescarola;3473;67992436;66676154;19577.44
2009;Piazza dell'Unita';7152;143964937;140639092;20129.33
2009;Pontevecchio;3854;82165441;80625667;21319.52
2009;San Luca;417;22941061;22649882;55014.53
2009;San Michele in Bosco;1524;73929060;73019017;48509.88
2009;San Savino;7022;143073398;139735740;20375.02
2009;Scalo Merci San Donato;24;631507;631506;26312.79
2009;Scandellara;446;10290786;10096444;23073.51
2009;Siepelunga;3234;139777616;138022362;43221.28
2009;Tiro A Segno;106;2398865;2363856;22630.8
2009;Via Arno;5977;139423613;137064331;23326.69
2009;Via del Lavoro;5625;113048769;110427876;20097.56
2009;Via Mondo;6166;119724954;116946416;19416.96
2009;Via Toscana;7252;181245241;177452014;24992.45
2009;Via Vittorio Veneto;4012;87859728;85904829;21899.23
2009;NON RESIDENTI NELL'ANNO DI IMPOSTA;12869;155898912;150475419;12114.3
2010;Aeroporto;337;6813871;6605104;20219.2
2010;Agucchi;3102;61365790;59676499;19782.65
2010;Arcoveggio;8003;159279198;154801492;19902.44
2010;Bargellino;72;1474510;1447494;20479.31
2010;Cadriano-Calamosco;514;12713117;12369667;24733.69
2010;Casteldebole;3971;81955924;80122521;20638.61
2010;Chiesanuova;5387;143009266;139913385;26547.11
2010;Cirenaica;6672;158872752;155974645;23811.86
2010;CNR;38;1047811;1020097;27573.97
2010;Croce Coperta;4428;98077905;96096621;22149.48
2010;Dagnini;7128;177427560;173588047;24891.63
2010;Ducati-Villaggio Ina;2567;50256144;49135050;19577.77
2010;Due Madonne;2158;46852203;45976612;21710.94
2010;Emilia Ponente;6666;146453516;143398993;21970.22
2010;Ex Mercato Ortofrutticolo;361;6951841;6801232;19257.18
2010;Fossolo;6828;178170704;175506613;26094.13
2010;La Noce;1152;24162771;23718620;20974.63
2010;Laghetti del Rosario;307;8556576;8333531;27871.58
2010;Lavino di Mezzo;305;6207650;6017047;20352.95
2010;Lazzaretto;306;4992862;4808352;16316.54
2010;Lungo Reno;7;107923;107923;15417.57
2010;Monte Donato;1003;38501275;37725563;38386.12
2010;Pescarola;3482;68462161;66809863;19661.73
2010;Piazza dell'Unita';7196;142212283;138197399;19762.69
2010;Ponte Savena-La Bastia;1009;23042848;22649221;22837.31
2010;Ravone;895;34366909;33780373;38398.78
2010;Rigosa;800;19524095;18944008;24405.12
2010;Roveri;433;12367060;12123800;28561.34
2010;San Luca;420;22266685;22048065;53015.92
2010;San Michele in Bosco;1522;74474435;74455834;48931.95
2010;Stradelli Guelfi;144;3688736;3579050;25616.22
2010;Via del Genio;13;550182;537204;42321.69
2010;Via del Vivaio;509;9442049;9123685;18550.19
2010;Via Ferrarese;7906;156059174;151707894;19739.33
2010;Via Mondo;6133;119905225;117061966;19550.83
2010;NON RESIDENTI NELL'ANNO DI IMPOSTA;12590;149680213;144905459;11888.82
2011;Arcoveggio;8024;160324140;156338301;19980.58
2011;Bitone;7957;165202510;161819376;20761.91
2011;Cadriano-Calamosco;523;13239099;12959959;25313.76
2011;Caserme Rosse-Manifattura;1522;29782625;29142681;19568.08
2011;Croce Coperta;4427;98940846;97066612;22349.41
2011;Fossolo;6869;178665196;176313938;26010.36
2011;Laghetti del Rosario;309;8475317;8327546;27428.21
2011;Marconi-2;9100;270043393;266136444;29675.1
2011;Mengoli;7566;191324885;188126373;25287.46
2011;Pontevecchio;3836;82381488;80543417;21475.88
2011;Ravone;915;34242767;33814358;37423.79
2011;San Donnino;2294;47492837;46403251;20703.07
2011;San Luca;402;22064028;21965122;54885.64
2011;San Michele in Bosco;1521;73566624;72598015;48367.27
2011;San Savino;6952;142950368;139791286;20562.48
2011;Stadio-Meloncello;2708;72273769;71008437;26688.98
2011;Stradelli Guelfi;179;4652338;4518244;25990.72
2011;Velodromo;4522;99105063;97228145;21916.2
2011;Via Arno;5857;137889448;135349254;23542.68
2011;Via Mondo;6080;118631871;116053236;19511.82
2011;Via Toscana;7143;179835927;176337243;25176.53
2011;XXI Aprile;9645;239582636;235435817;24840.09
2012;Bargellino;71;1518371;1490185;21385.51
2012;Bitone;8084;169684403;165106402;20990.15
2012;CAAB;209;4208402;4010417;20135.89
2012;Cadriano-Calamosco;533;13569498;13143286;25458.72
2012;Cirenaica;6612;159456773;156368284;24116.27
2012;CNR;31;695976;671343;22450.84
2012;Croce Coperta;4449;106122338;103914251;23853.08
2012;Dagnini;7081;176683588;172367390;24951.78
2012;Due Madonne;2160;46877734;45951014;21702.65
2012;Irnerio-2;7390;210841702;206757660;28530.68
2012;La Dozza;1078;25620964;25162289;23767.13
2012;La Noce;1136;24345451;23843747;21430.85
2012;Lungo Reno;8;116841;111120;14605.13
2012;Mengoli;7608;192982012;188786832;25365.67
2012;Ospedale Sant'Orsola;65;1007543;976553;15500.66
2012;Osservanza;3006;118987455;116952570;39583.32
2012;Pescarola;3422;68736517;67148978;20086.65
2012;Ponte Savena-La Bastia;1017;23866666;23433292;23467.71
2012;Rigosa;825;19932630;19357799;24160.76
2012;San Donnino;2277;47456242;46162578;20841.56
2012;San Michele in Bosco;1505;70437909;68897118;46802.6
2012;San Savino;6977;145406459;141821560;20840.83
2012;Scandellara;425;10760364;10617798;25318.5
2012;Via Ferrarese;7961;158454490;153336606;19903.84
2012;Villaggio della Barca;4145;74913879;72473959;18073.31
2012;SENZA FISSA DIMORA;47;389370;384149;8284.47
2013;Cadriano-Calamosco;540;14340871;13848962;26557.17
2013;Canale di Reno;4883;117509952;114971705;24065.11
2013;Chiesanuova;5391;143922173;140425648;26696.75
2013;Cirenaica;6470;157287223;154084240;24310.24
2013;Corelli;6542;152575374;148920279;23322.44
2013;Croce Coperta;4395;101127657;98761981;23009.71
2013;Croce del Biacco;2905;58844928;57033895;20256.43
2013;Ex Mercato Ortofrutticolo;364;7040814;6866496;19342.9
2013;Irnerio-1;2611;97199024;95645684;37226.74
2013;Malpighi-2;7539;220767528;215648219;29283.4
2013;Mengoli;7528;192155891;187588505;25525.49
2013;Mezzofanti;5198;195367752;191900548;37585.18
2013;Michelino;3326;65262751;63165876;19621.99
2013;Pescarola;3405;68526783;66731877;20125.34
2013;Piazza dell'Unita';7232;144061523;138848340;19920.01
2013;Ponte Savena-La Bastia;1008;23786475;23234825;23597.69
2013;Rigosa;830;20531571;19902516;24736.83
2013;San Donnino;2238;47415492;46095783;21186.55
2013;San Giuseppe;4506;157915129;155106605;35045.52
2013;San Michele in Bosco;1480;72802770;71455230;49191.06
2013;Via Arno;5770;138631819;135829456;24026.31
2013;Via Ferrarese;7822;158288991;152942850;20236.38
2013;Via Larga;1495;42943628;42502063;28724.83
2013;Via Mondo;5952;118891301;115719290;19975.02
2013;Via del Genio;12;530244;497932;44187.0
2013;Zanardi;4491;101319552;98875999;22560.58
2014;Beverara;5205;111160481;107457296;21356.48
2014;Borgo Centro;5675;115635639;111986652;20376.32
2014;CAAB;217;4368476;4228543;20131.23
2014;CNR;32;741202;710473;23162.56
2014;Cavedone;2179;45299130;43831903;20788.95
2014;Chiesanuova;5403;145688336;141973049;26964.34
2014;Cirenaica;6419;157175266;152652601;24485.94
2014;Croce del Biacco;2880;58882245;56386736;20445.22
2014;Dagnini;7004;177793404;172828771;25384.55
2014;Ducati-Villaggio Ina;2466;51305292;49915270;20805.07
2014;Due Madonne;2165;47442756;46150130;21913.51
2014;Fiera;15;206269;191338;13751.27
2014;La Birra;1414;28735585;28007489;20322.2
2014;La Noce;1126;23626971;22983346;20983.1
2014;Malpighi-1;1337;59890784;59088864;44794.9
2014;Monte Donato;1025;39308030;38455371;38349.3
2014;Mulino del Gomito;379;6175766;5873733;16294.9
2014;Ospedale Bellaria;112;3011724;3000804;26890.39
2014;Paderno;1050;50554185;49622062;48146.84
2014;Piazza dell'Unita';7225;145137858;138201728;20088.28
2014;Pilastro;4954;86824591;82529959;17526.16
2014;Ponte Savena-La Bastia;1014;23937122;23323573;23606.63
2014;San Michele in Bosco;1497;73041964;71931495;48792.23
2014;Scalo Merci San Donato;18;492968;475699;27387.11
2014;Stradelli Guelfi;200;5377836;5216958;26889.18
2014;Triumvirato-Pietra;3708;80199202;77910494;21628.7
2014;Velodromo;4451;101229107;98817750;22743.0
2014;Via Arno;5750;139052142;135933812;24182.98
2014;Via Ferrarese;7860;158347484;152534927;20145.99
2014;Villaggio della Barca;4075;75019659;70930176;18409.73
2014;XXI Aprile;9523;242536170;235912002;25468.46
2014;NON RESIDENTI NELL'ANNO DI IMPOSTA;11847;138078030;133108217;11655.11
2015;Arcoveggio;7915;164414877;158809582;20772.57
2015;Bargellino;76;1598701;1582435;21035.54
2015;Bitone;8045;172288034;166672850;21415.54
2015;Borgo Centro;5672;117893484;114068947;20785.17
2015;CNR;40;758564;749824;18964.1
2015;Cadriano-Calamosco;541;14693821;14217296;27160.48
2015;Cavedone;2157;45569950;43889832;21126.54
2015;Chiesanuova;5420;148210519;144146176;27345.11
2015;Cirenaica;6438;156769008;151577964;24350.58
2015;Emilia Ponente;6464;151874094;147646725;23495.37
2015;Ex Mercato Ortofrutticolo;441;9715607;9485774;22030.85
2015;Galvani-1;1286;69891283;68978083;54347.81
2015;Giardini Margherita;25;1534100;1489110;61364.0
2015;Irnerio-2;7228;211719446;207164718;29291.57
2015;La Dozza;1068;25966865;25444822;24313.54
2015;Lungo Savena;69;1429912;1378964;20723.36
2015;Malpighi-1;1328;69042755;68043323;51990.03
2015;Marconi-1;1639;61940802;60770697;37791.83
2015;Mezzofanti;5241;198706272;194577371;37913.81
2015;Ospedale Bellaria;113;3152080;3104111;27894.51
2015;Paderno;1045;54672667;53765914;52318.34
2015;Piazza dell'Unita';7187;143502723;136203802;19966.99
2015;Ponte Savena-La Bastia;1013;24493289;23836227;24178.96
2015;Prati di Caprara-Ospedale Maggiore;333;8331246;8135369;25018.76
2015;Roveri;414;11597369;11330093;28012.97
2015;San Donnino;2215;47387067;45771998;21393.71
2015;San Luca;388;21356933;21002224;55043.64
2015;San Michele in Bosco;1538;77514114;76200961;50399.29
2015;Scalo Ravone;108;2816716;2781045;26080.7
2015;Velodromo;4459;101923453;99545665;22857.92
2015;Zanardi;4476;102962820;99277307;23003.31
2015;SENZA FISSA DIMORA;121;762570;738183;6302.23
2016;Agucchi;3142;66542531;64084143;21178.4
2016;Battindarno;6783;149729996;144854134;22074.3
2016;Beverara;5326;113686369;109129217;21345.54
2016;Cadriano-Calamosco;564;15318188;14792934;27159.91
2016;Canale di Reno;4888;119540274;116110823;24455.87
2016;Caserme Rosse-Manifattura;1550;30169723;28700826;19464.34
2016;Cirenaica;6498;160113775;154447077;24640.47
2016;Ex Mercato Ortofrutticolo;467;10068771;9794904;21560.54
2016;Giardini Margherita;26;1561862;1527144;60071.62
2016;Laghetti del Rosario;317;8832175;8622699;27861.75
2016;Marconi-2;9064;274398600;267783971;30273.46
2016;Michelino;3357;66330960;63320523;19759.0
2016;Mulino del Gomito;414;6382329;5934220;15416.25
2016;Osservanza;2973;128126834;125685180;43096.82
2016;Pontevecchio;3896;85748195;82405581;22009.29
2016;Roveri;423;11876842;11588179;28077.64
2016;SENZA FISSA DIMORA;160;1054502;1012015;6590.64
2016;Savena Abbandonato;620;14225931;13667099;22945.05
2016;Scalo Ravone;109;2994989;2955426;27476.96
2016;Scandellara;446;11971769;11648614;26842.53
2016;Stadio-Meloncello;2732;74518763;72157462;27276.27
2016;Triumvirato-Pietra;3777;82000373;79135810;21710.45
2016;Via Arno;5696;142577298;138606912;25031.13
2016;Via Larga;1508;42243198;41659911;28012.73
2017;Agucchi;3203;68382532;65810791;21349.53
2017;Arcoveggio;7819;165245894;159182761;21133.89
2017;Borgo Centro;5857;122085385;117643090;20844.35
2017;CNR;34;768611;747326;22606.21
2017;Cadriano-Calamosco;566;15909200;15294070;28108.13
2017;Caserme Rosse-Manifattura;1561;30263026;28786778;19386.95
2017;Chiesanuova;5517;152483780;147723386;27638.89
2017;Croce Coperta;4533;110393552;107620828;24353.31
2017;Ducati-Villaggio Ina;2485;52662338;51108836;21192.09
2017;Due Madonne;2194;50129112;48801788;22848.27
2017;Emilia Ponente;6560;160449976;155690807;24458.84
2017;Guelfa;5226;115015598;110256529;22008.34
2017;Irnerio-1;2647;95953875;93679446;36250.05
2017;Lazzaretto;536;12162145;11928766;22690.57
2017;Malpighi-1;1369;63335437;61949866;46264.02
2017;Mengoli;7544;196729728;190562681;26077.64
2017;Monte Donato;1052;41713696;40753626;39651.8
2017;Paderno;1096;55334976;54257314;50488.12
2017;Piazza dell'Unita';7338;147074671;139696986;20042.88
2017;Pilastro;4975;88182889;84090735;17725.2
2017;Pontevecchio;3941;86911435;83171509;22053.14
2017;Prati di Caprara-Ospedale Maggiore;306;7765826;7589355;25378.52
2017;Roveri;429;11927888;11650048;27803.93
2017;SENZA FISSA DIMORA;205;1285018;1205853;6268.38
2017;San Donnino;2223;47652457;46024191;21436.1
2017;San Giuseppe;4637;165816618;161966569;35759.46
2017;San Michele in Bosco;1562;78454018;76690910;50226.64
2017;Scandellara;464;11910593;11636056;25669.38
2017;Siepelunga;3211;139380195;136503793;43407.1
2017;Via Arno;5745;144547133;140615947;25160.51
2017;Via del Genio;12;801065;799960;66755.42
2017;Via del Vivaio;539;11494968;11045231;21326.47
2017;XXI Aprile;9657;251292212;243220909;26021.77
2018;Aeroporto;320;7466571;7234340;23333.03
2018;Agucchi;3207;70428495;67585786;21960.87
2018;Arcoveggio;7888;171070698;164452335;21687.46
2018;Bargellino;64;1538981;1530974;24046.58
2018;Battindarno;6844;156128502;151306995;22812.46
2018;CAAB;248;4913731;4742968;19813.43
2018;Cadriano-Calamosco;572;16392999;15824379;28659.09
2018;Casteldebole;3876;87388124;84802259;22545.96
2018;Cavedone;2179;47501257;45795544;21799.57
2018;Corelli;6651;161035704;155836631;24212.25
2018;Croce del Biacco;2978;63643291;61624641;21371.15
2018;Due Madonne;2209;51569621;50113105;23345.23
2018;Irnerio-2;7351;241902880;236002831;32907.48
2018;Lavino di Mezzo;325;7088790;6876868;21811.66
2018;Malpighi-1;1354;63520450;62013171;46913.18
2018;Marconi-1;1758;66124021;64501972;37613.21
2018;Monte Donato;1049;41144866;40277274;39222.94
2018;Osservanza;3060;134361797;131807727;43909.08
2018;Pilastro;4941;89788774;85902847;18172.19
2018;Pontevecchio;3993;90369277;86536031;22631.93
2018;Prati di Caprara-Ospedale Maggiore;327;8680679;8470330;26546.42
2018;Ravone;901;36544691;35632785;40560.15
2018;SENZA FISSA DIMORA;231;1581559;1479327;6846.58
2018;Savena Abbandonato;676;15452803;14732992;22859.18
2018;Stadio-Meloncello;2766;78821795;76223628;28496.67
2018;Tiro A Segno;111;2650302;2563295;23876.59
2018;Triumvirato-Pietra;3924;86503120;83468232;22044.63
2018;Velodromo;4550;108683439;105398537;23886.47
2018;Via Arno;5768;147901443;144019224;25641.72
2018;Via Toscana;7290;193422518;187674684;26532.58
2018;Via del Vivaio;543;11602643;11192721;21367.67
2018;Zanardi;4631;110345099;106792562;23827.49
2019;Arcoveggio;7936;172442494;165780793;21729.14
2019;Bargellino;66;1653324;1642479;25050.36
2019;CAAB;270;5127432;4852533;18990.49
2019;Canale di Reno;4904;123392438;119632859;25161.59
2019;Caserme Rosse-Manifattura;1600;31947962;30422362;19967.48
2019;Cavedone;2185;47122803;45471492;21566.5
2019;Cirenaica;6702;168259564;162864421;25105.87
2019;Corelli;6617;160523178;155098596;24259.21
2019;Croce Coperta;4617;115358072;111907156;24985.5
2019;Croce del Biacco;3017;64548227;62210239;21394.84
2019;Fossolo;6779;185214913;180520438;27321.86
2019;Lavino di Mezzo;316;6997404;6764830;22143.68
2019;Malpighi-1;1346;62856893;61516891;46699.03
2019;Michelino;3307;67688291;64972193;20468.19
2019;Monte Donato;1065;40711686;39354056;38226.94
2019;Osservanza;3104;135805486;132892950;43751.77
2019;Paderno;1185;54084217;52815901;45640.69
2019;Piazza dell'Unita';7456;154563160;147162273;20730.04
2019;Pontevecchio;3997;90559037;86777044;22656.75
2019;Prati di Caprara-Ospedale Maggiore;328;8853186;8692321;26991.42
2019;Rigosa;906;20680538;19855369;22826.2
2019;San Luca;430;25110354;24468865;58396.17
2019;Savena Abbandonato;682;15643028;14963041;22936.99
2019;Scalo Merci San Donato;32;775453;775453;24232.91
2019;Scalo Ravone;118;3414858;3409989;28939.47
2019;Scandellara;487;12039211;11797192;24721.17
2019;Stadio-Meloncello;2816;80160729;77495461;28466.17
2019;Via Arno;5715;145327947;141309923;25429.21
2019;Via Ferrarese;8254;173677755;166632092;21041.65
2019;Via Vittorio Veneto;4170;101251310;98124320;24280.89
2019;Via del Vivaio;560;11982821;11461188;21397.89
2020;Aeroporto;330;7420941;7089082;22487.7
2020;Arcoveggio;7813;168028295;160611183;21506.25
2020;Bargellino;66;1494610;1464021;22645.61
2020;Battindarno;6774;151242448;145960560;22326.9
2020;Bitone;8189;182924895;175880147;22337.88
2020;Borgo Centro;5861;123245903;117864555;21028.14
2020;CAAB;264;5055385;4864303;19149.19
2020;CNR;43;764678;716478;17783.21
2020;Cadriano-Calamosco;584;16110536;15450025;27586.53
2020;Croce Coperta;4537;110236166;106545996;24297.15
2020;Croce del Biacco;2954;62367135;59964563;21112.77
2020;Dagnini;7149;185498068;179218141;25947.41
2020;Fiera;18;361766;361169;20098.11
2020;Galvani-2;8048;293002266;284729692;36406.84
2020;La Noce;1124;24113781;23319842;21453.54
2020;Laghetti del Rosario;339;9162563;8832018;27028.21
2020;Lungo Reno;9;189499;188917;21055.44
2020;Mengoli;7530;201032379;194540403;26697.53
2020;Paderno;1146;49418926;47718383;43122.97
2020;Piazza dell'Unita';7383;149605433;141939208;20263.5
2020;Ponte Savena-La Bastia;1065;23719189;22627599;22271.54
2020;Ravone;933;33622275;32508641;36036.74
2020;Roveri;520;12688664;12277840;24401.28
2020;San Luca;448;24570255;23970828;54844.32
2020;Scalo Merci San Donato;36;942446;932034;26179.06
2020;Scandellara;494;12541749;12236114;25388.16
2020;Via Arno;5626;144324782;140207624;25653.18
2020;Via Ferrarese;8191;170031153;161828968;20758.29
2020;Zanardi;4674;112062454;108203838;23975.71
2021;Agucchi;3201;72384260;69460374;22613.01
2021;Battindarno;6825;159290487;154377077;23339.27
2021;Casteldebole;3815;87917000;85382385;23045.09
2021;Dagnini;7196;193475784;187322645;26886.57
2021;Emilia Ponente;6833;171640623;166172647;25119.37
2021;Galvani-2;8234;313549429;305343224;38079.84
2021;Lungo Savena;79;1904321;1781519;24105.33
2021;Malpighi-2;7596;231216955;224574151;30439.3
2021;NON RESIDENTI NELL'ANNO DI IMPOSTA;12585;160107788;153008968;12722.11
2021;Ospedale Bellaria;101;3744732;3705880;37076.55
2021;Osservanza;3147;148277636;144852184;47117.14
2021;Pilastro;4800;89388116;85531320;18622.52
2021;Pontevecchio;3987;92098558;88106797;23099.71
2021;Roveri;615;13743954;13267292;22347.89
2021;SENZA FISSA DIMORA;236;1916874;1842195;8122.35
2021;San Donnino;2186;47649770;45798633;21797.7
2021;San Luca;461;28597369;27933815;62033.34
2021;Scalo Ravone;112;3091125;3059528;27599.33
2021;Siepelunga;3299;146533864;143080374;44417.66
2021;Stradelli Guelfi;251;7367915;7035146;29354.24
2021;Tiro A Segno;104;2526739;2514082;24295.57
2021;Via Arno;5679;149914449;145883982;26398.04
2021;Via Ferrarese;8439;182632421;174564038;21641.48
2021;Via Larga;1607;45756732;44880093;28473.39
2021;Via Vittorio Veneto;4208;104691592;101624279;24879.18
2021;XXI Aprile;9692;266025770;257467413;27447.97
2021;Zanardi;4706;117135875;113113243;24890.75
2022;Arcoveggio;7852;183177848;175573076;23328.81
2022;Bargellino;62;1597068;1584496;25759.16
2022;CAAB;298;6239945;5961739;20939.41
2022;Cavedone;2187;49735940;47869210;22741.63
2022;Chiesanuova;5667;172067878;166365852;30363.13
2022;Cirenaica;6797;182495988;176938225;26849.49
2022;Croce Coperta;4607;126331249;123021672;27421.59
2022;Croce del Biacco;3040;69949303;67575893;23009.64
2022;Ducati-Villaggio Ina;2458;57327954;55466976;23323.01
2022;Ex Mercato Ortofrutticolo;879;22305243;21675487;25375.7
2022;Fiera;15;325748;309364;21716.53
2022;Fossolo;6873;200870415;195168894;29226.02
2022;Galvani-2;8329;333694192;325612336;40064.14
2022;Guelfa;5253;130261543;125919150;24797.55
2022;La Birra;1514;34629326;33283809;22872.74
2022;La Dozza;1110;29825388;28894971;26869.72
2022;Lungo Reno;7;134621;134621;19231.57
2022;Malpighi-2;7574;241850764;234468730;31931.71
2022;Mezzofanti;5535;232975744;227364115;42091.37
2022;NON RESIDENTI NELL'ANNO DI IMPOSTA;13649;165267693;158789270;12108.41
2022;Ospedale Bellaria;112;3732600;3643752;33326.79
2022;Paderno;1152;58411090;56731775;50704.07
2022;Pescarola;3315;73266313;70720039;22101.45
2022;Ponte Savena-La Bastia;1087;26846919;25657990;24698.18
2022;Prati di Caprara-Ospedale Maggiore;336;9359096;9222118;27854.45
2022;Roveri;672;14547589;14211296;21648.2
2022;San Michele in Bosco;1673;87702838;85403784;52422.5
2022;Savena Abbandonato;715;16949829;15992844;23706.05
2022;Scalo Ravone;113;3156570;3074331;27934.25
2022;Scandellara;610;17238160;16725631;28259.28
2022;Tiro A Segno;104;2796617;2713104;26890.55
2022;Velodromo;4501;116193795;112338288;25815.11
2022;Via Arno;5736;157718656;153575979;27496.28
2022;XXI Aprile;9765;283507562;274734315;29033.03
2022;Zanardi;4784;123636945;119607545;25843.84
2023;Aeroporto;333;10070117;9927705;30240.59
2023;Bargellino;59;1697916;1688867;28778.24
2023;Bitone;8290;211500440;205284053;25512.72
2023;CNR;40;864886;822316;21622.15
2023;Caserme Rosse-Manifattura;1627;36249607;35044168;22280.03
2023;Croce Coperta;4617;126605214;123480588;27421.53
2023;Ex Mercato Ortofrutticolo;975;27124918;26550029;27820.43
2023;Fiera;14;339331;324003;24237.93
2023;Galvani-1;1323;81122812;79865833;61317.32
2023;Irnerio-1;2825;113353886;110992209;40125.27
2023;La Noce;1130;27451251;26813394;24293.14
2023;Lavino di Mezzo;375;9095114;8889875;24253.64
2023;Lazzaretto;648;18818070;18424426;29040.23
2023;Mengoli;7642;228753057;223038950;29933.66
2023;Monte Donato;1108;49920270;48664527;45054.4
2023;Paderno;1185;65702042;63723364;55444.76
2023;Piazza dell'Unita';7619;176747039;171128596;23198.19
2023;Pilastro;4911;98953941;95521063;20149.45
2023;Pontevecchio;4037;104195797;101056924;25810.2
2023;Prati di Caprara-Ospedale Maggiore;337;9714104;9530991;28825.23
2023;Roveri;835;16911133;16489926;20252.85
2023;SENZA FISSA DIMORA;296;2979288;2872264;10065.16
2023;San Donnino;2252;53246009;51565480;23643.88
2023;San Michele in Bosco;1680;89131684;86716889;53054.57
2023;San Savino;7034;173576832;168316469;24676.83
2023;Savena Abbandonato;735;18631682;17795152;25349.23
2023;Scandellara;660;20706865;20350676;31374.04
2023;Velodromo;4506;123802845;120729054;27475.11
2023;Via Arno;5766;161484109;157988723;28006.26
2023;Via Vittorio Veneto;4244;117190395;114026673;27613.19
2023;XXI Aprile;9849;295717824;288643603;30025.16
2009;Aeroporto;341;6539254;6367398;19176.7
2009;Arcoveggio;8019;161293630;157314757;20113.93
2009;Battindarno;7026;145680203;142691047;20734.44
2009;Cadriano-Calamosco;484;11968327;11693514;24727.95
2009;Canale di Reno;4882;111414494;109389623;22821.49
2009;CNR;36;1104613;1095371;30683.69
2009;Dagnini;7108;177053411;173511933;24909.03
2009;Ducati-Villaggio Ina;2608;50725249;49715839;19449.87
2009;Due Madonne;2162;46248892;45564419;21391.72
2009;Emilia Ponente;6635;145365284;142747590;21908.86
2009;Ex Mercato Ortofrutticolo;370;7182888;7069564;19413.21
2009;Fiera;15;311106;303563;20740.4
2009;Galvani-1;1298;66979160;66054761;51601.82
2009;Giardini Margherita;19;1457820;1453388;76727.37
2009;Irnerio-2;7499;215858185;212320573;28784.93
2009;La Birra;1456;29511660;28868630;20269.0
2009;Lavino di Mezzo;287;5837082;5735476;20338.26
2009;Lungo Reno;6;102878;102842;17146.33
2009;Lungo Savena;44;1092080;1064490;24820.0
2009;Malpighi-1;1345;62857697;62093443;46734.35
2009;Mengoli;7599;192169600;188671846;25288.8
2009;Mezzofanti;5308;198724623;196013804;37438.7
2009;Michelino;3390;62965955;61493255;18574.03
2009;Ospedale Bellaria;118;2659303;2621074;22536.47
2009;Pilastro;5202;89069811;87070165;17122.22
2009;Ponte Savena-La Bastia;1004;23175761;22803195;23083.43
2009;Prati di Caprara-Ospedale Maggiore;344;9448226;9338658;27465.77
2009;Rigosa;795;18529710;17978091;23307.81
2009;Roveri;429;10373507;10188978;24180.67
2009;San Donnino;2334;48060355;47002922;20591.41
2009;Stadio-Meloncello;2656;74803466;73339933;28163.96
2009;Stradelli Guelfi;137;3388324;3305248;24732.29
2009;Triumvirato-Pietra;3574;72528991;70987536;20293.51
2009;Velodromo;4505;97270012;95305257;21591.57
2009;Via del Vivaio;513;9571461;9253190;18657.82
2009;Via Ferrarese;7868;155149555;151003411;19719.06
2010;Bitone;7967;165920954;161715000;20826.03
2010;Borgo Centro;5701;111810546;108919778;19612.44
2010;Caserme Rosse-Manifattura;1545;30134505;29421193;19504.53
2010;Cavedone;2298;45323922;44389790;19723.2
2010;Corelli;6770;154877774;151661240;22877.07
2010;Croce del Biacco;2937;57892656;56346406;19711.49
2010;Fiera;15;333335;319341;22222.33
2010;Galvani-2;8145;296090528;291180247;36352.43
2010;Irnerio-2;7414;215454433;211673783;29060.48
2010;La Birra;1450;29709902;29075998;20489.59
2010;Lungo Savena;59;1285230;1258687;21783.56
2010;Malpighi-1;1363;62080296;61257852;45546.81
2010;Malpighi-2;7756;223374435;218786762;28800.21
2010;Marconi-1;1598;63943854;63022060;40014.93
2010;Marconi-2;9080;272867365;267907653;30051.47
2010;Michelino;3342;63132137;61581795;18890.53
2010;Ospedale Sant'Orsola;82;1175224;1158060;14332.0
2010;Paderno;1010;52208852;51319746;51691.93
2010;Pilastro;5136;88218138;86043821;17176.43
2010;Prati di Caprara-Ospedale Maggiore;331;8402409;8291895;25384.92
2010;San Giuseppe;4631;161970273;159189558;34975.23
2010;Savena Abbandonato;603;13099961;12715553;21724.65
2010;Scalo Merci San Donato;23;631836;631783;27471.13
2010;Scalo Ravone;96;2459622;2453881;25621.06
2010;Stadio-Meloncello;2710;74424434;73057090;27462.89
2010;Triumvirato-Pietra;3541;73470729;71767664;20748.58
2010;Via Larga;1512;43392704;43151613;28698.88
2010;Via Toscana;7213;181502918;177444510;25163.3
2010;Via Vittorio Veneto;3999;88735225;86716219;22189.35
2010;XXI Aprile;9664;241529213;236397359;24992.68
2010;SENZA FISSA DIMORA;26;216222;216222;8316.23
2011;Aeroporto;347;7131144;6877528;20550.85
2011;CAAB;216;4284739;4137623;19836.75
2011;Canale di Reno;4879;114597473;112729193;23487.9
2011;Casteldebole;3955;82293393;80819820;20807.43
2011;Cavedone;2242;44899421;43938733;20026.5
2011;Corelli;6713;155175397;152230564;23115.66
2011;Ducati-Villaggio Ina;2529;49920333;48891251;19739.16
2011;Emilia Ponente;6589;146458573;144123161;22227.74
2011;Irnerio-1;2620;95107410;93944217;36300.54
2011;Lavino di Mezzo;307;6358254;6191895;20710.93
2011;Lungo Reno;8;117884;109775;14735.5
2011;Malpighi-2;7702;222954156;219171577;28947.57
2011;Marconi-1;1612;60354204;59688689;37440.57
2011;Michelino;3367;62900590;61511685;18681.49
2011;Monte Donato;1001;36943921;36231297;36907.01
2011;Ospedale Bellaria;129;2710169;2684918;21009.06
2011;Paderno;1028;50195884;49694927;48828.68
2011;Pescarola;3441;68200045;66739153;19819.83
2011;Prati di Caprara-Ospedale Maggiore;361;11017942;10912112;30520.61
2011;Roveri;458;12630017;12379184;27576.46
2011;Scalo Ravone;101;2645669;2630333;26194.74
2011;Tiro A Segno;102;2495205;2410670;24462.79
2011;Triumvirato-Pietra;3548;73395007;71834817;20686.3
2011;Via del Vivaio;511;9872183;9629394;19319.34
2011;Zanardi;4588;102204417;100413867;22276.46
2011;SENZA FISSA DIMORA;27;291262;278771;10787.48
2011;NON RESIDENTI NELL'ANNO DI IMPOSTA;12452;144502067;140959533;11604.73
2012;Aeroporto;349;7051146;6825880;20203.86
2012;Battindarno;6856;147111525;143981073;21457.34
2012;Corelli;6683;154592410;151045526;23132.19
2012;Ducati-Villaggio Ina;2512;50279106;49009738;20015.57
2012;Fiera;14;277220;263947;19801.43
2012;Fossolo;6888;178201766;175266011;25871.34
2012;Galvani-2;8090;284265184;278971728;35137.85
2012;Irnerio-1;2615;97124559;95672890;37141.32
2012;Laghetti del Rosario;315;9307881;9139169;29548.83
2012;Lazzaretto;299;5215244;5080693;17442.29
2012;Lungo Savena;63;1399245;1369636;22210.24
2012;Malpighi-1;1350;58272766;57425323;43165.01
2012;Mezzofanti;5247;191160742;188026643;36432.39
2012;Monte Donato;1000;36642304;35800951;36642.3
2012;Mulino del Gomito;376;5870610;5633322;15613.32
2012;Pontevecchio;3873;82673094;80272832;21346.01
2012;Prati di Caprara-Ospedale Maggiore;347;10067452;9913568;29012.83
2012;Ravone;914;34147905;33534556;37360.95
2012;Roveri;446;11764168;11477253;26377.06
2012;San Giuseppe;4566;159230128;156157808;34873.0
2012;Savena Abbandonato;627;14180630;13817458;22616.63
2012;Scalo Merci San Donato;21;603610;602724;28743.33
2012;Triumvirato-Pietra;3641;75796472;73777938;20817.49
2012;Velodromo;4479;99059842;96931440;22116.51
2012;Via del Genio;11;648156;637916;58923.27
2012;Via del Lavoro;5730;115259057;112324936;20115.02
2012;Via del Vivaio;530;10294381;9884643;19423.36
2012;Via Larga;1502;43273934;42866781;28810.87
2012;Via Toscana;7165;180137633;175721783;25141.33
2012;XXI Aprile;9615;239878539;234318235;24948.37
2012;Zanardi;4562;102747128;100413020;22522.39
2012;NON RESIDENTI NELL'ANNO DI IMPOSTA;10675;115531895;111100638;10822.66
2013;Beverara;5232;111437412;108490621;21299.2
2013;CAAB;204;4222221;4016938;20697.16
2013;Casteldebole;3836;82084445;80419622;21398.45
2013;Dagnini;6971;178128778;173486512;25552.83
2013;Due Madonne;2144;47021391;46104571;21931.62
2013;Fiera;13;260765;246364;20058.85
2013;Fossolo;6860;178115700;174719636;25964.39
2013;Galvani-1;1293;64387450;63540816;49796.95
2013;Galvani-2;7916;283120501;277611624;35765.6
2013;Irnerio-2;7206;212214872;207760428;29449.75
2013;La Birra;1418;28983409;28209461;20439.64
2013;Laghetti del Rosario;314;8646273;8458168;27535.9
2013;Lavino di Mezzo;323;7182857;6918978;22237.95
2013;Malpighi-1;1341;57744302;56655817;43060.63
2013;Marconi-2;8932;267888567;262948091;29992.0
2013;Monte Donato;1024;36854658;35891458;35990.88
2013;Ospedale Sant'Orsola;68;978984;916948;14396.82
2013;Paderno;1041;50711783;49911573;48714.49
2013;Pilastro;5001;87513766;84766601;17499.25
2013;Pontevecchio;3825;82414276;79973858;21546.22
2013;Prati di Caprara-Ospedale Maggiore;345;9943596;9773652;28822.02
2013;Ravone;887;35003589;34364665;39462.9
2013;San Luca;397;21528180;21245519;54227.15
2013;San Savino;6901;146536934;142702362;21234.16
2013;Savena Abbandonato;619;14093230;13769124;22767.74
2013;Siepelunga;3159;134273865;131909273;42505.18
2013;Stadio-Meloncello;2691;70881879;68855008;26340.35
2013;Triumvirato-Pietra;3677;79225415;77089784;21546.21
2013;Via Vittorio Veneto;4055;92230651;89733405;22744.92
2013;Via del Lavoro;5610;116059423;113034697;20687.95
2013;XXI Aprile;9528;240091184;234163390;25198.49
2013;SENZA FISSA DIMORA;52;403972;391011;7768.69
2014;Cadriano-Calamosco;541;13901001;13413410;25695.01
2014;Canale di Reno;4878;117388785;114680439;24064.94
2014;Casteldebole;3832;82725548;80265772;21588.09
2014;Galvani-2;7935;283536745;277525478;35732.42
2014;Giardini Margherita;22;1435257;1399810;65238.95
2014;Irnerio-2;7238;209088466;204581813;28887.6
2014;Laghetti del Rosario;314;7950781;7713512;25320.96
2014;Lavino di Mezzo;307;6782159;6509995;22091.72
2014;Lungo Savena;67;1412365;1364447;21080.07
2014;Malpighi-2;7557;219139309;212813495;28998.19
2014;Marconi-1;1625;60206379;58804308;37050.08
2014;Marconi-2;8891;267351648;261625343;30069.92
2014;Mezzofanti;5278;200378912;196395663;37964.93
2014;Michelino;3358;65343600;62805571;19459.08
2014;Pescarola;3366;69169627;66604936;20549.5
2014;Roveri;423;11799259;11563113;27894.23
2014;San Giuseppe;4518;156619345;153582906;34665.64
2014;Savena Abbandonato;607;13489172;13120130;22222.69
2014;Scandellara;440;10920300;10662759;24818.86
2014;Via Larga;1502;42792225;42344921;28490.16
2014;Via del Vivaio;525;10273022;9753986;19567.66
2014;Zanardi;4527;102152078;98585941;22565.07
2015;Beverara;5230;111461050;107601998;21311.86
2015;CAAB;210;4482971;4296397;21347.48
2015;Canale di Reno;4881;118117995;115142198;24199.55
2015;Casteldebole;3796;83363487;80917109;21960.88
2015;Corelli;6541;154137945;149007373;23564.89
2015;Croce Coperta;4427;102658337;99974876;23189.14
2015;Croce del Biacco;2855;58718824;55981446;20567.01
2015;Due Madonne;2148;48591356;47211266;22621.67
2015;Fossolo;6771;180469257;176558096;26653.26
2015;Galvani-2;7928;288324348;282396900;36367.85
2015;Irnerio-1;2620;97679583;95796177;37282.28
2015;La Noce;1144;24421920;23841886;21347.83
2015;Lungo Reno;6;94157;88412;15692.83
2015;Malpighi-2;7539;218428531;212010383;28973.14
2015;Marconi-2;8998;273840122;267833758;30433.44
2015;Mengoli;7512;194817383;189571689;25934.16
2015;Mulino del Gomito;420;5989858;5642112;14261.57
2015;Ospedale Sant'Orsola;68;1040533;1001335;15301.96
2015;Osservanza;3009;122814404;120761026;40815.69
2015;Pilastro;4873;87219000;82594869;17898.42
2015;San Giuseppe;4561;162131473;158856881;35547.35
2015;San Savino;6850;149301005;145021999;21795.77
2015;Savena Abbandonato;618;14101527;13617948;22818.0
2015;Siepelunga;3138;133320014;131014094;42485.66
2015;Stradelli Guelfi;201;5759713;5664459;28655.29
2015;Tiro A Segno;93;2106061;2019415;22645.82
2015;Via Arno;5720;140670548;137344648;24592.75
2015;Via Toscana;7146;181878608;176542364;25451.81
2015;Via Vittorio Veneto;4099;95024081;92232852;23182.26
2015;Via del Genio;11;771705;766866;70155.0
2015;Villaggio della Barca;4027;74686862;70376068;18546.53
2016;Aeroporto;328;6924275;6673348;21110.59
2016;Arcoveggio;7864;165657938;159738639;21065.35
2016;Bargellino;74;1625695;1606058;21968.85
2016;Bitone;8152;176300215;170170246;21626.62
2016;CAAB;228;4597175;4390644;20163.05
2016;Corelli;6635;156063093;150399460;23521.19
2016;Croce del Biacco;2884;58647089;55936409;20335.33
2016;Ducati-Villaggio Ina;2472;52070589;50519756;21064.15
2016;Fossolo;6754;182753746;178441137;27058.59
2016;Galvani-2;7961;295149415;288327395;37074.41
2016;Guelfa;5079;112890790;108696913;22226.97
2016;Irnerio-1;2590;97398666;95360878;37605.66
2016;Lavino di Mezzo;327;7328425;6989814;22411.09
2016;Lungo Savena;58;1215397;1166921;20955.12
2016;Marconi-1;1698;62700697;61311748;36926.21
2016;NON RESIDENTI NELL'ANNO DI IMPOSTA;12419;153473188;147365380;12357.93
2016;Ospedale Sant'Orsola;60;921595;877370;15359.92
2016;Piazza dell'Unita';7232;145135146;137281143;20068.47
2016;Pilastro;4865;86720610;81888624;17825.41
2016;Rigosa;860;20747477;19960445;24124.97
2016;San Giuseppe;4576;161803367;158005225;35359.13
2016;San Savino;6935;151054581;146017530;21781.48
2016;Stradelli Guelfi;208;5970213;5836118;28702.95
2016;Via Mondo;5835;118279295;112684888;20270.66
2016;Via Toscana;7199;187377623;181562032;26028.28
2016;Via Vittorio Veneto;4103;94638213;91716522;23065.61
2016;XXI Aprile;9558;249563254;241637357;26110.41
2017;Aeroporto;324;7306571;7130548;22551.15
2017;Battindarno;6835;150912113;145989868;22079.31
2017;Beverara;5353;115106542;111260893;21503.18
2017;Bitone;8219;179486006;172788549;21837.94
2017;CAAB;243;4793113;4560500;19724.74
2017;Casteldebole;3850;83903908;81210608;21793.22
2017;Cavedone;2185;46022513;44179416;21062.94
2017;Corelli;6670;157827106;152661152;23662.23
2017;Ex Mercato Ortofrutticolo;512;10568047;10229111;20640.72
2017;Fiera;18;347085;314197;19282.5
2017;Giardini Margherita;23;1381740;1322345;60075.65
2017;Irnerio-2;7311;233464327;227768727;31933.3
2017;La Birra;1444;31126389;29945360;21555.67
2017;Lavino di Mezzo;324;7211703;6938884;22258.34
2017;Malpighi-2;7433;221398937;214921834;29785.95
2017;Marconi-2;9237;282351058;274927684;30567.4
2017;Michelino;3350;66505667;63739428;19852.44
2017;Mulino del Gomito;445;6823459;6433765;15333.62
2017;Osservanza;3034;131864758;129458463;43462.35
2017;Rigosa;860;20865893;20121320;24262.67
2017;Savena Abbandonato;636;14190245;13562629;22311.71
2017;Scalo Merci San Donato;30;747945;747945;24931.5
2017;Scalo Ravone;112;3077186;3028209;27474.88
2017;Stadio-Meloncello;2775;75017214;72576847;27033.23
2017;Triumvirato-Pietra;3836;83382432;80174174;21736.82
2017;Velodromo;4528;105125839;101886908;23216.84
2017;Via Toscana;7308;190777870;184826013;26105.35
2017;Via del Lavoro;5451;116487396;112529367;21369.91
2018;Bitone;8217;184810723;178407593;22491.26
2018;Borgo Centro;5859;126167122;121630856;21533.9
2018;Caserme Rosse-Manifattura;1573;31473858;29820710;20008.81
2018;Chiesanuova;5504;156070825;151621703;28355.89
2018;Cirenaica;6598;165241975;159949360;25044.25
2018;Emilia Ponente;6589;160888428;156181529;24417.73
2018;Fossolo;6781;185378575;181157910;27337.94
2018;Guelfa;5260;118379447;114034690;22505.6
2018;Irnerio-1;2646;96798060;94610811;36582.79
2018;La Birra;1479;32103482;30663242;21706.21
2018;La Dozza;1092;27295347;26517774;24995.74
2018;La Noce;1120;24974587;24255484;22298.74
2018;Laghetti del Rosario;333;9386395;9115959;28187.37
2018;Lazzaretto;534;13315849;12912431;24936.05
2018;Marconi-2;9287;291119264;283623002;31346.97
2018;Mengoli;7597;203637445;197524239;26804.98
2018;Mezzofanti;5369;213497285;209077907;39764.81
2018;Michelino;3337;68093715;65297271;20405.67
2018;Ospedale Bellaria;103;3012064;2961691;29243.34
2018;Paderno;1134;60588254;59570811;53428.8
2018;Pescarola;3340;70765537;68190801;21187.29
2018;Piazza dell'Unita';7376;151844280;144579157;20586.26
2018;Rigosa;899;21695259;20984417;24132.66
2018;San Donnino;2230;48077231;46395938;21559.3
2018;San Giuseppe;4701;181589608;177651521;38627.87
2018;Scalo Ravone;112;3302081;3267115;29482.87
2018;Stradelli Guelfi;210;6279565;6011584;29902.69
2018;Via Mondo;5929;122202346;117398942;20610.95
2018;Villaggio della Barca;4062;77445039;73747200;19065.74
2018;XXI Aprile;9686;261146164;253605256;26961.2
2019;Aeroporto;339;8695356;8470545;25650.02
2019;Battindarno;6841;155229791;150385305;22691.1
2019;CNR;44;821351;799581;18667.07
2019;Cadriano-Calamosco;582;16354875;15624117;28101.16
2019;Chiesanuova;5518;156095354;151638639;28288.39
2019;Ducati-Villaggio Ina;2449;53945339;52516521;22027.5
2019;Due Madonne;2215;51956689;50302528;23456.74
2019;Ex Mercato Ortofrutticolo;625;12376227;12038860;19801.96
2019;Fiera;18;359936;352609;19996.44
2019;Giardini Margherita;24;1379460;1337979;57477.5
2019;Guelfa;5273;117894630;113618055;22358.17
2019;Irnerio-2;7441;235170376;229227976;31604.67
2019;La Birra;1482;31866424;30473686;21502.31
2019;La Dozza;1095;28054863;27362819;25620.88
2019;Lazzaretto;571;13622627;13178902;23857.49
2019;Lungo Reno;7;154198;132781;22028.29
2019;Marconi-1;1736;64685280;62541502;37261.11
2019;Mengoli;7598;205995615;199787570;27111.82
2019;NON RESIDENTI NELL'ANNO DI IMPOSTA;14780;178147265;169765443;12053.27
2019;Ospedale Sant'Orsola;62;1007061;955701;16242.92
2019;Pilastro;4907;89808494;85701759;18302.12
2019;Roveri;456;12425687;12108017;27249.31
2019;San Donnino;2247;47928505;46323216;21330.0
2019;San Giuseppe;4704;176469235;172309052;37514.72
2019;San Savino;7038;157321338;151675422;22353.13
2019;Siepelunga;3325;144756041;141778819;43535.65
2019;Tiro A Segno;114;2495160;2450975;21887.37
2019;Triumvirato-Pietra;3948;86807322;83865864;21987.67
2019;Via Larga;1566;43916557;43146300;28043.78
2019;Via Mondo;5905;121799030;117087579;20626.42
2019;Via Toscana;7356;192903103;186840961;26223.91
2019;Via del Genio;9;495941;483928;55104.56
2019;Via del Lavoro;5530;121294320;117249055;21933.87
2019;Zanardi;4649;110850343;107328283;23843.91
2020;Canale di Reno;4861;122017460;117963861;25101.31
2020;Caserme Rosse-Manifattura;1575;31366921;29608793;19915.51
2020;Chiesanuova;5515;155831820;150910165;28256.0
2020;Cirenaica;6714;167238968;161252116;24908.99
2020;Ducati-Villaggio Ina;2454;52885874;51266540;21550.89
2020;Due Madonne;2173;50034117;48182545;23025.36
2020;Ex Mercato Ortofrutticolo;643;12833761;12335077;19959.19
2020;Galvani-1;1297;72628076;71470481;55996.97
2020;La Birra;1491;31061203;29472289;20832.46
2020;La Dozza;1089;27377633;26578937;25140.16
2020;Lavino di Mezzo;341;7177794;6945436;21049.25
2020;Malpighi-1;1353;59772868;58232182;44178.03
2020;Monte Donato;1072;40322562;38988097;37614.33
2020;NON RESIDENTI NELL'ANNO DI IMPOSTA;13301;159798283;151055632;12014.01
2020;Ospedale Sant'Orsola;66;1075077;1019045;16289.05
2020;Pescarola;3264;67559001;64738848;20698.22
2020;Prati di Caprara-Ospedale Maggiore;330;8636611;8396496;26171.55
2020;San Giuseppe;4735;177412382;172961313;37468.3
2020;San Savino;6945;153099021;146975098;22044.5
2020;Savena Abbandonato;700;14417241;13636947;20596.06
2020;Scalo Ravone;112;3140839;3086824;28043.21
2020;Siepelunga;3281;139526785;136255547;42525.69
2020;Velodromo;4511;107158457;103601803;23754.92
2020;Via Larga;1570;43366391;42537085;27621.91
2020;Via Vittorio Veneto;4194;100513282;97388488;23965.97
2020;Via del Genio;8;442666;441300;55333.25
2020;Via del Vivaio;564;11825223;11192551;20966.71
2020;XXI Aprile;9675;254901617;246364651;26346.42
2021;Bargellino;64;1619067;1609342;25297.92
2021;Beverara;5131;117853855;113938362;22968.98
2021;Bitone;8254;191574388;184620140;23209.88
2021;Cadriano-Calamosco;581;18660945;18019865;32118.67
2021;Chiesanuova;5584;165960395;161320082;29720.7
2021;Cirenaica;6806;174581407;169048343;25651.1
2021;Croce Coperta;4554;132924995;129745595;29188.62
2021;Croce del Biacco;2981;65115914;62609916;21843.65
2021;Ducati-Villaggio Ina;2442;54110417;52497907;22158.24
2021;Due Madonne;2206;52420061;50967383;23762.49
2021;Fiera;16;350513;318690;21907.06
2021;Fossolo;6862;193558687;188107475;28207.33
2021;Galvani-1;1329;81415578;79986525;61260.78
2021;Giardini Margherita;23;1485701;1449297;64595.7
2021;Guelfa;5249;122870786;118303736;23408.42
2021;Irnerio-2;7474;245256224;238438285;32814.59
2021;La Birra;1494;32645624;31265839;21851.15
2021;La Dozza;1105;28419170;27744996;25718.71
2021;La Noce;1127;25695582;25002898;22799.98
2021;Lavino di Mezzo;357;7516707;7214234;21055.2
2021;Lazzaretto;574;15948651;15557387;27785.11
2021;Lungo Reno;8;144317;144317;18039.63
2021;Marconi-2;9451;302806839;294854203;32039.66
2021;Mengoli;7638;215672485;209665346;28236.77
2021;Monte Donato;1081;43018474;41756207;39795.07
2021;Piazza dell'Unita';7493;157626805;150000703;21036.54
2021;Ravone;931;35843685;34793004;38500.2
2021;Stadio-Meloncello;2798;84322970;81573272;30136.87
2021;Velodromo;4507;111327424;108127542;24701.0
2021;Via del Vivaio;563;12619006;12008646;22413.87
2021;Villaggio della Barca;4147;79675476;75708168;19212.8
2022;Aeroporto;330;8003789;7746041;24253.91
2022;Battindarno;6912;165511515;160040170;23945.53
2022;Bitone;8251;200281906;192418158;24273.65
2022;CNR;43;729193;681868;16957.98
2022;Cadriano-Calamosco;589;19903171;19200996;33791.46
2022;Casteldebole;3883;93679071;90813489;24125.44
2022;Corelli;6599;167851869;162194332;25435.96
2022;Due Madonne;2212;54363381;52628264;24576.57
2022;Galvani-1;1354;85709942;84266412;63301.29
2022;La Noce;1130;26103400;25384332;23100.35
2022;Laghetti del Rosario;373;11395994;11006126;30552.26
2022;Malpighi-1;1388;64005763;62502041;46113.66
2022;Marconi-2;9553;316981384;308368529;33181.34
2022;Mengoli;7665;222432758;215783001;29019.28
2022;Osservanza;3196;159194216;155886779;49810.46
2022;Pilastro;4873;94142754;90185020;19319.26
2022;Rigosa;938;23868248;22997726;25445.89
2022;Stadio-Meloncello;2846;89886779;87307640;31583.55
2022;Via Ferrarese;8584;195461279;186936924;22770.42
2022;Via Larga;1599;47781690;46933791;29882.23
2022;Via Mondo;5930;129155825;123762668;21780.07
2022;Via Toscana;7385;211063631;204344274;28580.04
2022;Via Vittorio Veneto;4234;111671925;108220228;26375.04
2022;Via del Genio;8;677809;677809;84726.13
2022;Villaggio della Barca;4219;85043235;80973406;20157.2
2023;Agucchi;3299;85264085;82706161;25845.43
2023;Arcoveggio;7869;194980924;188363198;24778.36
2023;Beverara;5292;131765313;128438972;24898.96
2023;Borgo Centro;5968;142135484;137911462;23816.27
2023;CAAB;300;6588740;6340813;21962.47
2023;Cadriano-Calamosco;610;21335707;20927691;34976.57
2023;Canale di Reno;4925;139047301;135125701;28232.95
2023;Casteldebole;3884;98648354;96208831;25398.65
2023;Cavedone;2238;52928121;51416747;23649.74
2023;Chiesanuova;5738;184589706;179603198;32169.69
2023;Cirenaica;6814;191615061;186831839;28120.79
2023;Croce del Biacco;3119;75910991;73830762;24338.25
2023;Dagnini;7320;216921895;211300249;29634.14
2023;Emilia Ponente;6877;189439171;184986675;27546.77
2023;Giardini Margherita;22;1049545;982324;47706.59
2023;Irnerio-2;7602;244142705;237930141;32115.59
2023;La Dozza;1119;31156610;30506575;27843.26
2023;Lungo Savena;114;2474744;2368215;21708.28
2023;Malpighi-1;1416;69608266;68395860;49158.38
2023;Malpighi-2;7621;252689491;246094933;33157.0
2023;Marconi-2;9568;327130401;320321981;34190.05
2023;Mezzofanti;5583;242048280;237369321;43354.52
2023;NON RESIDENTI NELL'ANNO DI IMPOSTA;14028;178561034;173166406;12728.9
2023;Ospedale Sant'Orsola;65;1198342;1128788;18436.03
2023;Ponte Savena-La Bastia;1067;27762622;26697467;26019.33
2023;Rigosa;961;24823314;24095472;25830.71
2023;San Giuseppe;4883;198166225;193033785;40582.88
2023;San Luca;473;33771472;33044897;71398.46
2023;Scalo Ravone;113;3437137;3357725;30417.14
2023;Tiro A Segno;99;2469329;2426519;24942.72
2023;Via Ferrarese;8705;209262828;202788303;24039.38
2023;Via Toscana;7360;220210612;214403979;29919.92
2023;Via del Genio;10;756166;756166;75616.6
2023;Via del Lavoro;5855;142565191;138702398;24349.31
2023;Via del Vivaio;596;14285173;13827127;23968.41
2009;Agucchi;3022;60472601;59078165;20010.79
2009;Bargellino;72;1500877;1486840;20845.51
2009;Beverara;5449;114577501;112453534;21027.25
2009;Bitone;7983;165708982;162125685;20757.73
2009;Caserme Rosse-Manifattura;1556;29852474;29231634;19185.39
2009;Chiesanuova;5404;142625220;139881886;26392.53
2009;Cirenaica;6701;158253103;155525855;23616.34
2009;Corelli;6794;153668722;150694664;22618.3
2009;Croce Coperta;4411;98162991;96418338;22254.14
2009;Croce del Biacco;2966;58423810;56853284;19697.85
2009;Galvani-2;8161;305708109;300934648;37459.64
2009;Guelfa;5025;105814300;103678558;21057.57
2009;Irnerio-1;2696;98815578;97306273;36652.66
2009;La Noce;1163;23952655;23592742;20595.58
2009;Marconi-1;1569;62993722;62125036;40148.96
2009;Marconi-2;9130;273551055;268673674;29961.78
2009;Monte Donato;1018;38216007;37580180;37540.28
2009;Osservanza;2999;123831648;122061611;41290.98
2009;Ravone;913;34055973;33481370;37301.18
2009;San Giuseppe;4677;163569865;160992645;34973.24
2009;Savena Abbandonato;602;12599529;12269073;20929.45
2009;Scalo Ravone;91;2365864;2364915;25998.51
2009;Via del Genio;14;579333;563246;41380.93
2009;Via Larga;1513;42501308;42126137;28090.75
2009;Villaggio della Barca;4252;73651522;72009603;17321.62
2009;XXI Aprile;9645;241161078;236794054;25003.74
2009;Zanardi;4559;100448197;98443821;22032.95
2009;SENZA FISSA DIMORA;12;158096;158096;13174.67
2010;Battindarno;6915;144365767;141038251;20877.19
2010;Beverara;5406;112633200;110295863;20834.85
2010;CAAB;198;4151030;3953104;20964.8
2010;Canale di Reno;4885;113483627;111286413;23231.04
2010;Galvani-1;1299;63960962;63003945;49238.62
2010;Giardini Margherita;21;1562513;1541310;74405.38
2010;Guelfa;4966;105433032;103148856;21230.98
2010;Irnerio-1;2678;98537858;96867785;36795.32
2010;La Dozza;1074;25587053;25247582;23824.07
2010;Mengoli;7586;192575187;188905576;25385.6
2010;Mezzofanti;5266;199544594;196434514;37893.01
2010;Mulino del Gomito;351;5900443;5683577;16810.38
2010;Ospedale Bellaria;124;2681081;2641099;21621.62
2010;Osservanza;3027;122689218;120662085;40531.62
2010;Pontevecchio;3821;81711176;79657870;21384.76
2010;San Donnino;2310;47736249;46619121;20665.04
2010;San Savino;6940;141707705;138183778;20418.98
2010;Scandellara;438;10594744;10394120;24188.91
2010;Siepelunga;3241;150814029;149062846;46533.18
2010;Tiro A Segno;109;2432996;2334979;22321.06
2010;Velodromo;4498;97136334;95012621;21595.45
2010;Via Arno;5900;138435704;136091632;23463.68
2010;Via del Lavoro;5655;115314551;112601337;20391.61
2010;Villaggio della Barca;4192;73754461;71777259;17594.1
2010;Zanardi;4602;102368772;100275123;22244.41
2011;Agucchi;3131;62994720;61624362;20119.68
2011;Bargellino;74;1532271;1518030;20706.36
2011;Battindarno;6896;145382234;142821232;21082.11
2011;Beverara;5392;112132107;109815330;20796.01
2011;Borgo Centro;5700;112350023;109726153;19710.53
2011;Chiesanuova;5439;143702953;141082004;26420.84
2011;Cirenaica;6674;158870015;156488680;23804.32
2011;CNR;33;813433;791191;24649.48
2011;Croce del Biacco;2944;58374109;57036311;19828.16
2011;Dagnini;7085;175182015;172035845;24725.76
2011;Due Madonne;2159;46572961;45786519;21571.54
2011;Ex Mercato Ortofrutticolo;343;6641059;6587677;19361.69
2011;Fiera;14;308662;301988;22047.29
2011;Galvani-1;1288;65138830;64425247;50573.63
2011;Galvani-2;8101;290684947;287019841;35882.6
2011;Giardini Margherita;21;1386025;1367769;66001.19
2011;Guelfa;5000;106485910;104310106;21297.18
2011;Irnerio-2;7368;212224940;209009317;28803.6
2011;La Birra;1446;28888247;28244938;19978.04
2011;La Dozza;1086;25734255;25437816;23696.37
2011;La Noce;1140;24320459;23894233;21333.74
2011;Lazzaretto;298;5035612;4883539;16898.03
2011;Lungo Savena;63;1398075;1385494;22191.67
2011;Malpighi-1;1356;61442863;60620291;45311.85
2011;Mezzofanti;5241;195395110;193235773;37282.03
2011;Mulino del Gomito;357;6008205;5833666;16829.71
2011;Ospedale Sant'Orsola;79;1291734;1285463;16351.06
2011;Osservanza;3044;123974022;122318957;40727.34
2011;Piazza dell'Unita';7341;142857847;139458207;19460.27
2011;Pilastro;5133;86617773;84637944;16874.69
2011;Ponte Savena-La Bastia;996;22743331;22401660;22834.67
2011;Rigosa;818;20151494;19556248;24635.08
2011;San Giuseppe;4609;161405741;159161733;35019.69
2011;Savena Abbandonato;616;13478946;13124109;21881.41
2011;Scalo Merci San Donato;23;637239;637237;27706.04
2011;Scandellara;423;10694719;10542769;25283.02
2011;Siepelunga;3229;143377928;141929072;44403.2
2011;Via del Genio;12;621618;616274;51801.5
2011;Via del Lavoro;5688;114576558;112262213;20143.56
2011;Via Ferrarese;7907;155863721;152001398;19712.12
2011;Via Larga;1517;43361420;43090484;28583.67
2011;Via Vittorio Veneto;4016;89914115;88112688;22388.97
2011;Villaggio della Barca;4189;74217750;72334743;17717.3
2012;Agucchi;3145;63056906;61185394;20049.89
2012;Arcoveggio;8002;160044378;154918373;20000.55
2012;Beverara;5328;111673875;108901173;20959.81
2012;Borgo Centro;5732;113280494;110003166;19762.82
2012;Canale di Reno;4947;116654229;114176575;23580.8
2012;Caserme Rosse-Manifattura;1533;29610210;28699694;19315.21
2012;Casteldebole;3923;82612296;81014472;21058.45
2012;Cavedone;2211;44257685;43110262;20017.04
2012;Chiesanuova;5368;141555224;138101699;26370.2
2012;Croce del Biacco;2941;58307213;56822874;19825.64
2012;Emilia Ponente;6596;148404529;145300537;22499.17
2012;Ex Mercato Ortofrutticolo;344;6824383;6755661;19838.32
2012;Galvani-1;1301;61719332;60898382;47439.92
2012;Giardini Margherita;21;1442825;1429238;68705.95
2012;Guelfa;5060;107519757;104721228;21248.96
2012;La Birra;1442;29094981;28416778;20176.82
2012;Lavino di Mezzo;294;6416901;6242298;21826.19
2012;Malpighi-2;7733;224198484;218739543;28992.43
2012;Marconi-1;1644;61175720;60098201;37211.51
2012;Marconi-2;9096;270092315;264984836;29693.53
2012;Michelino;3394;64614091;62715156;19037.74
2012;Ospedale Bellaria;118;2882821;2833660;24430.69
2012;Paderno;1033;50049336;49258692;48450.47
2012;Piazza dell'Unita';7369;144603332;139641432;19623.2
2012;Pilastro;5091;88000258;85504504;17285.46
2012;San Luca;405;23560110;23256900;58173.11
2012;Scalo Ravone;113;3062637;3037965;27102.98
2012;Siepelunga;3220;132740843;130328492;41223.86
2012;Stadio-Meloncello;2701;71969041;70416204;26645.33
2012;Stradelli Guelfi;185;4916846;4792533;26577.55
2012;Tiro A Segno;99;2228884;2160298;22513.98
2012;Via Arno;5866;139352175;136447497;23755.91
2012;Via Mondo;6061;119388918;116337164;19697.89
2012;Via Vittorio Veneto;4070;91326079;89079164;22438.84
2013;Aeroporto;330;6703326;6506759;20313.11
2013;Agucchi;3104;63214967;61196501;20365.65
2013;Arcoveggio;7850;162191008;156955917;20661.27
2013;Bargellino;74;1596272;1584098;21571.24
2013;Battindarno;6752;146377736;142890991;21679.17
2013;Bitone;7949;169013605;164236746;21262.25
2013;Borgo Centro;5658;114423494;111219278;20223.31
2013;CNR;31;708883;675623;22867.19
2013;Caserme Rosse-Manifattura;1512;29366218;28209773;19422.1
2013;Cavedone;2195;44795693;43667766;20408.06
2013;Ducati-Villaggio Ina;2480;50852741;49522034;20505.14
2013;Emilia Ponente;6512;149028874;145402560;22885.27
2013;Giardini Margherita;21;1571060;1551360;74812.38
2013;Guelfa;4991;108115955;105462852;21662.18
2013;La Dozza;1057;25579404;25121466;24200.0
2013;La Noce;1119;23807077;23202305;21275.31
2013;Lazzaretto;329;7124011;6927088;21653.53
2013;Lungo Reno;7;111396;111396;15913.71
2013;Lungo Savena;76;1562303;1505032;20556.62
2013;Marconi-1;1633;59656672;58204216;36531.95
2013;Mulino del Gomito;357;5833474;5590005;16340.26
2013;Ospedale Bellaria;111;2876036;2841075;25910.23
2013;Osservanza;2968;120327041;118417963;40541.46
2013;Roveri;445;11999064;11679173;26964.19
2013;Scalo Merci San Donato;19;549403;546920;28915.95
2013;Scalo Ravone;128;3349060;3308586;26164.53
2013;Scandellara;423;10976612;10789460;25949.44
2013;Stradelli Guelfi;188;5250833;5178504;27929.96
2013;Tiro A Segno;95;1908268;1859739;20087.03
2013;Velodromo;4449;100325681;97943592;22550.16
2013;Via Toscana;7107;180097839;175301051;25340.91
2013;Via del Vivaio;514;10322030;9949730;20081.77
2013;Villaggio della Barca;4038;75421436;72632263;18677.92
2013;NON RESIDENTI NELL'ANNO DI IMPOSTA;13008;148324339;141095587;11402.55
2014;Aeroporto;320;6591647;6375349;20598.9
2014;Agucchi;3101;63424155;61182389;20452.81
2014;Arcoveggio;7821;161439864;156122051;20641.84
2014;Bargellino;75;1553590;1528602;20714.53
2014;Battindarno;6684;146750093;143006441;21955.43
2014;Bitone;8004;170053291;164899148;21246.04
2014;Caserme Rosse-Manifattura;1513;29097690;27909889;19231.78
2014;Corelli;6540;151759488;146641786;23204.81
2014;Croce Coperta;4406;101784768;98931851;23101.4
2014;Emilia Ponente;6502;148712604;144739967;22871.82
2014;Ex Mercato Ortofrutticolo;373;7570705;7420233;20296.8
2014;Fossolo;6780;179209558;175412339;26432.09
2014;Galvani-1;1299;66335525;65406471;51066.61
2014;Guelfa;5023;108783312;105361435;21657.04
2014;Irnerio-1;2607;98118225;96365734;37636.45
2014;La Dozza;1066;25656255;25145140;24067.78
2014;Lazzaretto;363;7890035;7667814;21735.63
2014;Lungo Reno;6;92222;92222;15370.33
2014;Mengoli;7592;194890647;189832781;25670.53
2014;Ospedale Sant'Orsola;78;1183075;1116874;15167.63
2014;Osservanza;2988;119841924;117868465;40107.74
2014;Pontevecchio;3862;83582661;80759391;21642.33
2014;Prati di Caprara-Ospedale Maggiore;346;8974098;8744718;25936.7
2014;Ravone;892;35074519;34484330;39321.21
2014;Rigosa;826;21073273;20418603;25512.44
2014;San Donnino;2197;46783831;45176477;21294.42
2014;San Luca;392;22448002;22010131;57265.31
2014;San Savino;6865;146753716;142261504;21377.09
2014;Scalo Ravone;109;3104084;3056798;28477.83
2014;Siepelunga;3174;132986671;130348969;41898.76
2014;Stadio-Meloncello;2708;73146121;71060409;27011.12
2014;Tiro A Segno;97;1963395;1908575;20241.19
2014;Via Mondo;5975;118525318;113949985;19836.87
2014;Via Toscana;7095;180506861;175401416;25441.42
2014;Via Vittorio Veneto;4107;93077451;90639466;22663.12
2014;Via del Genio;10;801181;783422;80118.1
2014;Via del Lavoro;5547;115510717;111145163;20824.0
2014;SENZA FISSA DIMORA;75;624598;615660;8327.97
2015;Aeroporto;327;6715023;6566844;20535.24
2015;Agucchi;3116;65172713;62874810;20915.5
2015;Battindarno;6715;146798781;142916491;21861.32
2015;Caserme Rosse-Manifattura;1518;29409768;28074049;19374.02
2015;Dagnini;7098;182924129;177986538;25771.22
2015;Ducati-Villaggio Ina;2444;51508270;50171396;21075.4
2015;Fiera;15;224918;210547;14994.53
2015;Guelfa;5056;110984791;107307356;21951.11
2015;La Birra;1412;29148708;28124561;20643.56
2015;Laghetti del Rosario;315;8336859;8207082;26466.22
2015;Lavino di Mezzo;328;7249373;6930246;22101.75
2015;Lazzaretto;391;8917318;8637905;22806.44
2015;Michelino;3355;66105193;63323412;19703.49
2015;Monte Donato;1035;38853755;38116609;37539.86
2015;Pescarola;3359;69684550;67180047;20745.62
2015;Pontevecchio;3877;84734767;81682287;21855.76
2015;Ravone;891;35602481;34985719;39957.89
2015;Rigosa;845;20746483;20190152;24552.05
2015;Scalo Merci San Donato;22;505640;505588;22983.64
2015;Scandellara;441;11548762;11323029;26187.67
2015;Stadio-Meloncello;2710;72921211;70902959;26908.2
2015;Triumvirato-Pietra;3720;81318277;78917519;21859.75
2015;Via Ferrarese;7907;160052786;153773605;20241.91
2015;Via Larga;1506;42551067;42051285;28254.36
2015;Via Mondo;5876;118325606;113341502;20137.1
2015;Via del Lavoro;5488;116742416;112380980;21272.31
2015;Via del Vivaio;525;10713015;10302843;20405.74
2015;XXI Aprile;9497;246048626;239188498;25908.04
2015;NON RESIDENTI NELL'ANNO DI IMPOSTA;11855;141593291;136414190;11943.76
2016;Borgo Centro;5770;120357226;115988963;20859.14
2016;CNR;43;802855;794799;18671.05
2016;Casteldebole;3824;83611498;80751879;21864.93
2016;Cavedone;2169;44830368;42789484;20668.68
2016;Chiesanuova;5430;151121668;146680969;27830.88
2016;Croce Coperta;4472;105701716;102499022;23636.34
2016;Dagnini;7103;184431413;179198783;25965.28
2016;Due Madonne;2171;49176451;47613492;22651.52
2016;Emilia Ponente;6512;153417623;148806820;23559.22
2016;Fiera;17;316352;277118;18608.94
2016;Galvani-1;1294;95116760;94142617;73506.0
2016;Irnerio-2;7250;214742722;209187358;29619.69
2016;La Birra;1403;29270356;28067811;20862.69
2016;La Dozza;1075;25970206;25339982;24158.33
2016;La Noce;1132;24411157;23770807;21564.63
2016;Lazzaretto;454;9640466;9420805;21234.51
2016;Lungo Reno;7;119745;119745;17106.43
2016;Malpighi-1;1336;68201385;67090689;51048.94
2016;Malpighi-2;7493;221447676;214827340;29553.94
2016;Mengoli;7596;196432955;190339997;25860.05
2016;Mezzofanti;5268;204092423;200020587;38741.92
2016;Monte Donato;1032;38867779;38051327;37662.58
2016;Ospedale Bellaria;109;3034939;2978430;27843.48
2016;Paderno;1075;59783250;58716847;55612.33
2016;Pescarola;3363;69498630;66530455;20665.66
2016;Ponte Savena-La Bastia;1030;23741948;22968169;23050.43
2016;Prati di Caprara-Ospedale Maggiore;317;8162532;8079390;25749.31
2016;Ravone;901;37056019;36314444;41127.66
2016;San Donnino;2224;47485644;45611383;21351.46
2016;San Luca;417;25126474;24629996;60255.33
2016;San Michele in Bosco;1572;79575055;77793047;50620.26
2016;Scalo Merci San Donato;22;455774;455774;20717.0
2016;Siepelunga;3167;137423264;134740035;43392.25
2016;Tiro A Segno;99;2113913;2061215;21352.66
2016;Velodromo;4512;103822914;100714705;23010.4
2016;Via Ferrarese;8033;163321856;156785866;20331.37
2016;Via del Genio;12;833317;832212;69443.08
2016;Via del Lavoro;5534;119020479;113502658;21507.13
2016;Via del Vivaio;526;10994681;10481835;20902.44
2016;Villaggio della Barca;4064;75431855;70678802;18560.99
2016;Zanardi;4539;106651526;102760450;23496.7
2017;Bargellino;68;1483171;1477482;21811.34
2017;Canale di Reno;4900;120524524;116813407;24596.84
2017;Cirenaica;6532;160868408;155981954;24627.74
2017;Croce del Biacco;2954;60665120;58456015;20536.6
2017;Dagnini;7174;185881414;180168770;25910.43
2017;Fossolo;6777;182749381;178584397;26966.12
2017;Galvani-1;1301;72441028;71111332;55681.04
2017;Galvani-2;8065;301655535;294968521;37403.04
2017;La Dozza;1093;26727234;25994351;24453.1
2017;La Noce;1117;24310181;23630451;21763.81
2017;Laghetti del Rosario;333;9338039;9135529;28042.16
2017;Lungo Reno;7;136230;136230;19461.43
2017;Lungo Savena;59;1178597;1133737;19976.22
2017;Marconi-1;1745;64594450;62924622;37016.88
2017;Mezzofanti;5362;209063089;204605699;38989.76
2017;NON RESIDENTI NELL'ANNO DI IMPOSTA;13286;154484105;147535834;11627.59
2017;Ospedale Bellaria;100;3032283;2959758;30322.83
2017;Ospedale Sant'Orsola;57;987444;976739;17323.58
2017;Pescarola;3372;69597742;67343406;20639.9
2017;Ponte Savena-La Bastia;1032;23858815;23113120;23119.01
2017;Ravone;903;36247367;35370624;40141.05
2017;San Luca;428;25041473;24488415;58508.11
2017;San Savino;6988;151273377;145877535;21647.59
2017;Stradelli Guelfi;213;6102902;5868467;28652.12
2017;Tiro A Segno;100;2181496;2136177;21814.96
2017;Via Ferrarese;8089;164831825;158137749;20377.28
2017;Via Larga;1520;42426767;41857649;27912.35
2017;Via Mondo;5917;119801127;114596735;20246.94
2017;Via Vittorio Veneto;4113;96715836;93786036;23514.67
2017;Villaggio della Barca;4086;76389157;72710525;18695.34
2017;Zanardi;4614;108734577;105062846;23566.23
2018;Beverara;5300;116440592;112715700;21969.92
2018;CNR;44;763328;751762;17348.36
2018;Canale di Reno;4927;124341688;120685908;25236.79
2018;Croce Coperta;4539;111180885;107971979;24494.58
2018;Dagnini;7223;190389229;184516536;26358.75
2018;Ducati-Villaggio Ina;2488;55093470;53493854;22143.68
2018;Ex Mercato Ortofrutticolo;617;11547150;11180251;18714.99
2018;Fiera;18;358469;307581;19914.94
2018;Galvani-1;1323;72605035;71366370;54879.09
2018;Galvani-2;8172;315231368;308157147;38574.57
2018;Giardini Margherita;25;1407282;1360286;56291.28
2018;Lungo Reno;7;138913;138884;19844.71
2018;Lungo Savena;76;1629392;1519434;21439.37
2018;Malpighi-2;7494;223990634;217603170;29889.33
2018;Mulino del Gomito;479;7546388;7258092;15754.46
2018;NON RESIDENTI NELL'ANNO DI IMPOSTA;14320;163283180;155954434;11402.46
2018;Ospedale Sant'Orsola;58;1080385;1067612;18627.33
2018;Ponte Savena-La Bastia;1054;25729288;24740424;24411.09
2018;Roveri;436;12380653;12062661;28395.99
2018;San Luca;428;30649545;30214260;71611.09
2018;San Michele in Bosco;1584;82759889;81120035;52247.4
2018;San Savino;7003;155283330;149872225;22173.83
2018;Scalo Merci San Donato;27;694128;694128;25708.44
2018;Scandellara;486;12268983;11896121;25244.82
2018;Siepelunga;3263;144070340;140968256;44152.72
2018;Via Ferrarese;8245;173213201;166206763;21008.27
2018;Via Larga;1548;43990474;43287221;28417.62
2018;Via Vittorio Veneto;4179;100978053;97810297;24163.21
2018;Via del Genio;11;1052185;1052185;95653.18
2018;Via del Lavoro;5528;120729402;116456831;21839.62
2019;Agucchi;3184;69546480;66660732;21842.49
2019;Beverara;5232;116323472;112513381;22233.08
2019;Bitone;8240;185227629;178697824;22479.08
2019;Borgo Centro;5934;127030511;122387274;21407.23
2019;Casteldebole;3843;87341881;84902939;22727.53
2019;Dagnini;7161;188477403;182598102;26319.98
2019;Emilia Ponente;6660;164594217;159892589;24713.85
2019;Galvani-1;1308;69700724;68554075;53288.02
2019;Galvani-2;8174;301024397;293795933;36827.06
2019;Irnerio-1;2649;98739349;96402791;37274.2
2019;La Noce;1141;25220546;24538107;22103.9
2019;Laghetti del Rosario;330;9267811;9036977;28084.28
2019;Lungo Savena;69;1676250;1561261;24293.48
2019;Malpighi-2;7524;220564272;213745320;29314.76
2019;Marconi-2;9361;296593336;288960517;31683.94
2019;Mezzofanti;5381;210433664;205606115;39106.8
2019;Mulino del Gomito;485;8539746;8267561;17607.72
2019;Ospedale Bellaria;103;3015213;2948061;29273.91
2019;Pescarola;3299;70194723;67714435;21277.58
2019;Ponte Savena-La Bastia;1086;24286481;23388986;22363.24
2019;Ravone;923;35669098;34697025;38644.74
2019;SENZA FISSA DIMORA;230;1787150;1682050;7770.22
2019;San Michele in Bosco;1612;81861100;80220782;50782.32
2019;Stradelli Guelfi;219;6215279;5986927;28380.27
2019;Velodromo;4549;110073426;106592765;24197.28
2019;Villaggio della Barca;4093;77420135;73790054;18915.25
2019;XXI Aprile;9714;259642479;251763282;26728.69
2020;Agucchi;3188;68662350;65576317;21537.75
2020;Beverara;5108;113185102;108900855;22158.4
2020;Casteldebole;3805;84308648;81649112;22157.33
2020;Cavedone;2136;45724394;43781335;21406.55
2020;Corelli;6541;155970560;150128149;23845.06
2020;Emilia Ponente;6751;163349241;158133079;24196.3
2020;Fossolo;6750;184495622;179537955;27332.68
2020;Giardini Margherita;23;1432616;1399189;62287.65
2020;Guelfa;5249;116671146;112020699;22227.31
2020;Irnerio-1;2736;96677474;93852726;35335.33
2020;Irnerio-2;7366;228052663;221821139;30960.18
2020;Lazzaretto;572;14172636;13699025;24777.34
2020;Lungo Savena;63;1668922;1566003;26490.83
2020;Malpighi-2;7543;216685550;209126638;28726.71
2020;Marconi-1;1743;61458500;59600044;35260.18
2020;Marconi-2;9344;286877433;278652728;30701.78
2020;Mezzofanti;5367;208492905;203276267;38847.2
2020;Michelino;3287;66523761;63570925;20238.44
2020;Mulino del Gomito;492;8654018;8237407;17589.47
2020;Ospedale Bellaria;100;3859766;3814300;38597.66
2020;Osservanza;3123;140921919;137732406;45123.89
2020;Pilastro;4805;86447429;82006271;17991.14
2020;Pontevecchio;3984;88012352;83790331;22091.45
2020;Rigosa;890;20877072;19930202;23457.38
2020;SENZA FISSA DIMORA;216;1675649;1610746;7757.63
2020;San Donnino;2213;46820303;44955077;21156.94
2020;San Michele in Bosco;1588;84869584;82778615;53444.32
2020;Stadio-Meloncello;2795;79276919;76377369;28363.84
2020;Stradelli Guelfi;239;6488398;6243520;27148.11
2020;Tiro A Segno;107;2506216;2487909;23422.58
2020;Triumvirato-Pietra;3911;87571647;84172792;22391.11
2020;Via Mondo;5838;118501496;113368119;20298.3
2020;Via Toscana;7287;190472530;184300745;26138.68
2020;Via del Lavoro;5563;120940080;116214888;21740.08
2020;Villaggio della Barca;4065;75231372;71046179;18507.1
2021;Aeroporto;328;7827724;7625380;23865.01
2021;Arcoveggio;7841;174145433;166624356;22209.59
2021;Borgo Centro;5867;129283491;124258537;22035.71
2021;CAAB;279;5613593;5341716;20120.41
2021;CNR;38;736373;671860;19378.24
2021;Canale di Reno;4896;124672400;120660815;25464.13
2021;Caserme Rosse-Manifattura;1567;32211987;30447934;20556.47
2021;Cavedone;2199;47842228;45921058;21756.36
2021;Corelli;6519;160586277;155048879;24633.58
2021;Ex Mercato Ortofrutticolo;701;15095430;14669107;21534.14
2021;Irnerio-1;2814;101549532;98948858;36087.25
2021;Laghetti del Rosario;356;10774009;10361232;30264.07
2021;Malpighi-1;1344;60116517;58671824;44729.55
2021;Marconi-1;1797;66908450;65065482;37233.42
2021;Mezzofanti;5442;222029692;216915702;40799.28
2021;Michelino;3389;69453568;66394432;20493.82
2021;Mulino del Gomito;486;9072289;8691548;18667.26
2021;Ospedale Sant'Orsola;60;1090110;1022957;18168.5
2021;Paderno;1163;55337503;53491366;47581.69
2021;Pescarola;3273;71004795;68462204;21694.1
2021;Ponte Savena-La Bastia;1069;24989316;23942574;23376.35
2021;Prati di Caprara-Ospedale Maggiore;333;8867216;8693860;26628.28
2021;Rigosa;885;20724417;19842329;23417.42
2021;San Giuseppe;4763;187163908;182693335;39295.38
2021;San Michele in Bosco;1649;84223524;82176234;51075.51
2021;San Savino;6975;158185382;152630476;22678.91
2021;Savena Abbandonato;723;16177015;15375378;22374.85
2021;Scalo Merci San Donato;35;864210;850132;24691.71
2021;Scandellara;520;13955005;13620629;26836.55
2021;Triumvirato-Pietra;3959;89871617;86650185;22700.59
2021;Via Mondo;5907;122958064;117917064;20815.65
2021;Via Toscana;7365;200238522;194245918;27187.85
2021;Via del Genio;9;582098;582065;64677.56
2021;Via del Lavoro;5667;127149328;122398149;22436.8
2022;Agucchi;3306;78206470;75016064;23655.92
2022;Beverara;5244;124483959;120500257;23738.36
2022;Borgo Centro;5948;135180472;129896915;22727.05
2022;Canale di Reno;4903;131274054;126636647;26774.23
2022;Caserme Rosse-Manifattura;1624;34506359;32962440;21247.76
2022;Dagnini;7270;207094261;200633994;28486.14
2022;Emilia Ponente;6875;180695123;175312571;26282.93
2022;Giardini Margherita;24;2185015;2149096;91042.29
2022;Irnerio-1;2823;109964145;106844304;38952.94
2022;Irnerio-2;7509;247993404;241240079;33026.16
2022;Lavino di Mezzo;368;8453010;8243261;22970.14
2022;Lazzaretto;604;17936345;17451745;29695.94
2022;Lungo Savena;98;2337098;2196251;23847.94
2022;Marconi-1;1814;85029493;82469920;46874.03
2022;Michelino;3411;73177009;70081799;21453.24
2022;Monte Donato;1094;47832808;46567687;43722.86
2022;Mulino del Gomito;492;9653467;9274085;19620.87
2022;Ospedale Sant'Orsola;69;1234460;1174372;17890.72
2022;Piazza dell'Unita';7592;167578488;160450978;22073.04
2022;Pontevecchio;4000;98312990;94225059;24578.25
2022;Ravone;943;38781629;37453207;41125.8
2022;SENZA FISSA DIMORA;260;2355869;2297340;9061.03
2022;San Donnino;2241;50243251;48440148;22420.01
2022;San Giuseppe;4810;195327840;190729190;40608.7
2022;San Luca;467;32794223;32036579;70223.18
2022;San Savino;7022;168786201;162642199;24036.77
2022;Scalo Merci San Donato;30;738504;725701;24616.8
2022;Siepelunga;3344;154033704;150512464;46062.71
2022;Stradelli Guelfi;256;7815562;7386139;30529.54
2022;Triumvirato-Pietra;3972;93279014;89977009;23484.14
2022;Via del Lavoro;5762;134648622;130020005;23368.38
2022;Via del Vivaio;593;13537627;12885792;22829.05
2023;Battindarno;6962;178738938;174159189;25673.5
2023;Corelli;6583;175933333;171326933;26725.4
2023;Ducati-Villaggio Ina;2459;60514504;58854101;24609.4
2023;Due Madonne;2254;58185578;56732121;25814.36
2023;Fossolo;6942;211096987;206649627;30408.67
2023;Galvani-2;8317;335331101;327379234;40318.76
2023;Guelfa;5387;137117765;133363530;25453.46
2023;La Birra;1538;37134354;36186207;24144.57
2023;Laghetti del Rosario;377;12097228;11850479;32088.14
2023;Lungo Reno;9;151427;151427;16825.22
2023;Marconi-1;1821;74252365;71964461;40775.6
2023;Michelino;3454;76464885;74041277;22138.07
2023;Mulino del Gomito;516;10291160;9893632;19944.11
2023;Ospedale Bellaria;101;3717567;3664767;36807.59
2023;Osservanza;3223;169566339;166291349;52611.34
2023;Pescarola;3287;77278707;74950330;23510.41
2023;Ravone;938;40455511;39337122;43129.54
2023;Scalo Merci San Donato;33;1379280;1362075;41796.36
2023;Siepelunga;3370;155118169;152395780;46029.13
2023;Stadio-Meloncello;2855;95675849;93171818;33511.68
2023;Stradelli Guelfi;263;8770593;8427142;33348.26
2023;Triumvirato-Pietra;4029;100202951;97555937;24870.43
2023;Via Larga;1643;49655774;48824439;30222.63
2023;Via Mondo;6049;137181377;132975415;22678.36
2023;Villaggio della Barca;4209;89467183;86448780;21256.16
2023;Zanardi;4852;129578221;126277880;26706.15
